latitude,longitude,population_density,avg_income,competitor_count,rent_cost,traffic_score,highway_distance,success_target,income_density_ratio,competitor_density,rent_income_ratio,traffic_score_squared,density_income_product,income_level,density_level,highway_accessibility
18.533267845703506,73.84697595865491,5325.414117569946,126892.62280724208,19,4220.497049725015,62.02393569485094,5.091889004937364,0,23.823273971257407,0.003567127823825368,0.03326011943197624,3846.968599079005,6757.557649131651,high,high,0.19260812375785066
18.572899520877048,73.80351717129807,4736.448324255068,116214.66582795673,10,3446.9609099008762,82.6095421040063,4.577209379635911,1,24.531067754967168,0.002110840966602508,0.02966003666840997,6824.336446633589,5504.447592146883,medium,medium,0.21380270131884566
18.54751950435074,73.86922308593824,5181.03825241157,124303.66516653587,8,4255.428041757981,88.6047300390301,6.094394554262364,1,23.987407871543315,0.0015437940845529328,0.03423385627608438,7850.798185289404,6440.220441427819,high,high,0.16143627778955408
18.447201341053365,73.91510116176626,4560.649272827691,112964.33276203356,4,3116.8755974901815,95.88685502227541,5.076610244670911,0,24.76392331057246,0.000876875831692441,0.027591434657710582,9194.288966062864,5151.907020666336,low,low,0.19317660645389625
18.537832653811492,73.91682211883355,4852.777307922951,118348.86759868899,2,3835.545058895667,17.322077153756794,4.929376147582496,1,24.382838373220164,0.00041205021844231427,0.03240852851565129,300.05435692070307,5743.206991012957,medium,medium,0.19883181743737277
18.58065153317788,73.84183904774106,4858.033406033414,118444.99333846068,6,3899.3445622456343,58.10995124875568,6.698179796566625,1,24.376245940476288,0.0012348134903847046,0.0329208650486236,3376.766434132762,5754.097344156473,medium,medium,0.14709819833024176
18.53375901416417,73.88312552953153,5183.743219495458,124352.3352449761,14,3876.5537904711064,62.15974786628389,4.617970857833867,0,23.98428041284505,0.0027002301574661934,0.031173701797658215,3863.834254799984,6446.10574654571,high,high,0.211955527096902
18.527966210646714,73.78325849183074,4744.981982476688,116371.6684468117,7,3739.7858360614714,49.75686701458838,0.13349370472977093,0,24.52004008369269,0.0014749318530592173,0.032136290127013335,2475.7458151074334,5521.814700508725,medium,medium,4.282770711772847
18.503748234698623,73.7870997165549,4766.532251231711,116767.837446343,12,3855.557456256273,86.69126897170086,2.7333000285403832,1,24.492301528988204,0.0025170254478928283,0.03301871921117617,7515.376115923785,5565.7766309457575,medium,medium,0.3529453252132867
18.508570667139495,73.90429607198034,4986.129638351278,120779.71753494763,6,3845.6643712190203,40.57377505323484,1.136201232854851,1,24.218283119441196,0.0012030968583330375,0.031840052366854714,1646.2312220705019,6022.23329312698,medium,medium,0.8089297870142274
18.574847537724274,73.79272682116083,4649.385098624644,114608.80247712422,9,3474.751226348682,63.466099855622744,1.580489674782318,1,24.645013272345956,0.0019353235934507355,0.030318098026931264,4027.945830883877,5328.604584083566,low,low,0.5950646499089824
18.45275723785931,73.87519423144246,4780.270697323885,117020.16418163969,15,3867.6067729138967,50.555790300851825,2.2143937679327657,0,24.474699633119876,0.003137241321307246,0.033050489626907285,2555.8879329437036,5593.880618335222,medium,medium,0.43207859174854574
18.589749947371747,73.85888630291751,4787.360855541433,117150.31440744558,3,3888.8084481443816,70.50539885534285,2.8329724918286168,1,24.46564031862195,0.0006265191973842543,0.03319474875560788,4971.011267750981,5608.408294085765,medium,medium,0.3409510327103447
18.596815432216353,73.78173247821891,4439.9826703212875,110715.21084622675,5,3362.998941254187,69.82601653771715,4.6748143716275505,0,24.930340662242877,0.0011258769446263724,0.03037494613977569,4875.672585525549,4915.736174982142,low,low,0.20943222545825138
18.501390683931408,73.81091473670423,4980.841348742132,120683.63055660842,19,3796.9758847753906,41.993515309455816,2.1824813374773826,0,24.22470370058651,0.0038138508776071963,0.03146196717231842,1763.4553280455,6011.060171926746,medium,medium,0.4381196829872915
18.47223475007637,73.89491823856969,4863.586570688563,118546.52371471313,8,3981.649154519543,66.8450449978848,3.959002628532941,1,24.369290584530255,0.001644538520129087,0.03358694496311418,4468.2600407692435,5765.61280740692,medium,medium,0.24636594048263363
18.57111696656479,73.82732420513638,4891.640953897439,119059.00930504096,18,3909.1378968847444,23.247416427987993,7.991104185513148,1,24.334303380712925,0.0036789946717143305,0.032833341100026545,540.4423705762861,5823.939258469946,medium,medium,0.12359252545412364
18.51249737864629,73.8432850556662,5331.373571837926,126999.10819521939,13,3932.5441949409287,46.721113983723626,5.822166181704436,0,23.81661871290203,0.002437938719945919,0.030964888540850548,2182.862491880095,6770.796890789779,high,high,0.16885713256229395
18.489117033269203,73.81270181132282,4937.092173529737,119887.73677924398,18,3511.0705624844677,56.12646502370763,6.713764533334202,0,24.278148840941643,0.003645132445377916,0.029286075212799557,3150.180076057476,5918.9680695499865,medium,medium,0.14676174897265884
18.596026255778973,73.7911856141536,4502.503034034132,111882.41852327858,13,3348.3006541691707,69.78076238676931,2.1845312186530705,0,24.843420261461876,0.0028866417768025586,0.029926692430054053,4869.354799278759,5037.509288561383,low,low,0.43772656369720647
18.44892392632002,73.90925729099088,4605.7691253089815,113801.49262351888,17,3757.439917597689,10.0,7.0791526377202185,0,24.70310309199315,0.0036902218317397856,0.03301720226839005,100.0,5241.434011394811,low,low,0.1392922048691189
18.57422327422971,73.86559551518356,4931.490441402422,119785.7018784229,18,3844.0400023640113,46.73599257357341,5.866205743490775,0,24.285034771271654,0.0036492721504153953,0.032090707416466864,2184.253001837109,5907.220438301227,medium,medium,0.1676107132394849
18.52986020192584,73.8250205112656,5148.0829739782375,123710.19421106615,14,4174.541758970729,50.03474548924376,3.1548299357311747,1,24.025675025292184,0.002718930743736578,0.033744252374190646,2503.475756173399,6368.703445255308,high,high,0.307235714229523
18.59819054170962,73.8151000898508,4610.41419074367,113887.56110948505,7,3334.91435382306,66.09543350611808,2.9148204935711606,1,24.696883948981977,0.0015179725156874554,0.029282259090244282,4368.6063303616775,5250.688278883567,low,low,0.331694706909553
18.58937121897785,73.8256510382951,4727.859772546558,116056.5818581367,15,3125.1465431735096,77.16998336620368,2.8622825840971804,0,24.542191445790873,0.003172012011665613,0.026927551764722626,5955.206332740153,5486.992447063411,medium,medium,0.33757751720529106
18.561251895712992,73.84355398568262,5047.626548036701,121895.24008432456,3,3765.5175360266644,50.38790373821203,3.753147402886672,1,24.14423782874709,0.000594221016638007,0.03089117050223846,2538.9408431313223,6152.816499289441,medium,medium,0.25952809364386825
18.581458838624282,73.897396976535,4749.2694226076865,116450.5223125204,5,3803.6308734062,41.43250827827419,7.161805867698496,0,24.514508957808598,0.001052571876492686,0.03266278360190444,1716.6527422292595,5530.549048655473,medium,medium,0.13770679335399705
18.479367361853804,73.86497382631461,5058.303257407843,122088.56306139946,15,3791.743720823899,63.00385074396593,6.573745769398903,1,24.13149733268847,0.002964835123895166,0.03105706684294555,3969.485208567936,6175.609762257198,high,high,0.14984088914284022
18.445259454574398,73.89423009385052,4649.523059508111,114611.35305198433,15,3773.685237087895,57.62675846155951,2.8632488447437034,0,24.64483061053929,0.0032254436346320493,0.03292564140425838,3320.8432907869205,5328.881288966265,low,low,0.3374674394200234
18.506866740434315,73.85686774475059,5353.11960116419,127387.42097073211,18,4286.105825911629,72.23298297507326,0.21742695347405872,1,23.792412284371316,0.003361897256849868,0.03364596085931841,5217.6038294772225,6819.201001401802,high,high,3.150331088949961
18.530984305518775,73.84097646051782,5295.407463651129,126356.00099806361,12,4065.534387415484,71.63396040115795,5.334771478475649,1,23.85692601357353,0.0022656867097849164,0.03217498322453686,5131.424282754665,6691.065107622556,high,high,0.18400037682550016
18.45683815061021,73.90698871166892,4676.961172384227,115118.24459041156,1,3773.7122072737543,77.79457240144485,0.05058034170540479,1,24.608636187490838,0.00021376834119602744,0.032780897935010184,6051.995495123645,5384.035601823854,low,low,6.640973108936084
18.591078015987396,73.91313489650585,4589.900274724604,113507.29456761236,10,3574.1923161752543,67.11071356542118,5.360331460319072,0,24.72440867263695,0.0021782220047460894,0.031488380032405915,4503.847875260006,5209.871625191306,low,low,0.18313906532362148
18.450864178728732,73.9187536504137,4564.695875407111,113039.49822400768,12,3642.318306173928,57.50112048841553,5.097593314726749,0,24.758437992527973,0.002628295954760673,0.03222135750813922,3306.3788574232804,5159.909313012173,low,low,0.1923967381531413
18.56144571644055,73.89446869328269,4919.423651600497,119565.80819909462,2,3884.780422812917,38.50021574672139,4.106824730160655,1,24.29990111932795,0.0004064690647825513,0.03249045852544831,1482.2666125440935,5881.948647773547,medium,medium,0.2377089762809802
18.47974691748048,73.92231139630832,4713.251632079723,115787.53414354955,3,3441.516182951066,68.98729542148368,4.065408613916209,1,24.561169657477347,0.000636368237025254,0.029722426390547663,4759.246929571063,5457.357842765717,low,low,0.24007248572423392
18.510221570416245,73.81705217913112,5067.669888261418,122258.0804793567,2,3756.799249251041,68.2997008532305,1.7947027623215557,1,24.120347778515892,0.00039458083562155416,0.030728181780210365,4664.849136640776,6195.63593041877,high,high,0.5277872708512402
18.496969224290712,73.91993555812853,4806.043886125024,117493.03824819926,10,3670.1113690282637,50.05323342988118,2.674873740431768,0,24.441848468937284,0.0020802805709479464,0.031236575265847694,2505.326176786175,5646.766981350117,medium,medium,0.36037675712207384
18.501183117629594,73.89952953619407,5007.124639958033,121160.94078101905,16,4014.079225642551,33.89789018555487,7.027113018569163,1,24.192876474023688,0.0031948086659708366,0.03312986899819772,1149.0669590319374,6066.679319851366,medium,medium,0.14030926651430592
18.571860149023827,73.9332570793673,4573.405734766375,113201.22698697064,6,3731.8628249188123,75.39821295101446,6.21227261587168,0,24.7466520353932,0.0013116457848062822,0.03296633753811524,5684.890516206524,5177.151406848016,low,low,0.15842154812604003
18.556561467253065,73.87454601011419,5073.837544226736,122369.66003257953,16,3991.2172400429467,66.05408773742043,6.997320970528205,1,24.113020163924332,0.0031528102841837775,0.03261580217823733,4363.142506822836,6208.837753475638,high,high,0.14089823528519058
18.508973428664504,73.92599693489801,4779.245545462536,117001.34202759482,19,3603.1757513733046,58.5056857619432,0.19738131676582915,0,24.476010889995774,0.003974691220210438,0.030795757494525205,3422.9152664752432,5591.7814269852115,medium,medium,3.3626860317773195
18.52079219376847,73.82343439190889,5145.961603182756,123671.95929219521,9,3942.837180149185,68.71735606736875,5.913285549847868,0,24.028148804475144,0.0017486044571295458,0.03188115819913117,4722.075024889541,6364.111539080175,high,high,0.16629843896658117
18.49027438418825,73.91145672523538,4853.763898017181,118366.91275809064,19,3732.065322080842,42.800365745756494,1.4847057192862485,0,24.38160026823033,0.003913681571159438,0.031529366659595416,1831.8713079705258,5745.250478649697,medium,medium,0.6310319877247619
18.577107410291436,73.86394753487183,4905.763540951632,119316.71656021259,11,3834.5861434827484,48.39081355223613,1.963202818948117,0,24.316785507269817,0.0022418035652613955,0.03213760918352523,2341.67083624728,5853.395979271509,medium,medium,0.48468332381875584
18.552654301510238,73.78917989251588,4735.517844797781,116197.54255212638,4,3674.2322363243193,72.72511028430635,5.098750924070486,1,24.532271672901775,0.0008445022548354347,0.031620295363653704,5288.941665864521,5502.555362772439,medium,medium,0.19235389704283548
18.527119728755792,73.81751245572389,5079.582527763289,122473.56248648977,15,4152.624641209719,78.7643502551472,7.297542794018093,1,24.10620471515269,0.0029524173493947164,0.03390601735497358,6203.822871115508,6221.145681192988,high,high,0.13518002231884815
18.550259998739957,73.91678007798724,4809.36760369587,117553.97400994932,15,3454.8747441371615,47.4551260684965,7.842571931625273,0,24.437627993260023,0.0031182648054745962,0.029389439053806064,2251.9889901768956,5653.602742891564,medium,medium,0.12590380151525704
18.531704483315675,73.79860605535707,4886.033871207334,118956.64037399413,3,3605.110256558522,76.76597939411066,1.6176730697693458,1,24.341276019150257,0.0006138692873963762,0.030305831935000718,5893.015592337022,5812.261740723653,medium,medium,0.5821829646163591
18.533229474824633,73.81690763598641,5058.799746268422,122097.550492284,10,3921.417348653466,44.59930790101097,1.400809918564049,0,24.130905690947625,0.0019763628011908877,0.03211682147611801,1989.0982652491793,6176.670574503621,high,high,0.6663068971164476
18.540744499971996,73.91208317138238,4887.81218867127,118989.11042853344,0,3563.023410174427,42.241918403593914,6.013221815265545,1,24.33906352636416,0.0,0.029943861698610758,1784.3796704158863,5815.964242717375,medium,medium,0.1635798651216719
18.583424946968265,73.92344419395405,4577.492935635329,113277.09350417685,0,3323.9223253082127,98.1821516043495,4.720922193395295,1,24.741131000229032,0.0,0.02934302849284492,9639.73489365947,5185.250952846722,low,low,0.207429192980963
18.58831297684382,73.90923044941813,4632.199495544984,114290.93256614503,18,3927.3565151816615,39.531244550677,7.837928194817787,0,24.667820299134664,0.003885004307996614,0.034362499845811544,1562.7192957254301,5294.184001782627,low,low,0.12597745601337665
18.521941534450406,73.78730962307395,4787.139717371669,117146.25582123015,9,3862.475903998267,46.69661624654941,0.5541020830401737,1,24.465922620473304,0.001879644398710305,0.03297111722269029,2180.5739688775025,5607.95493983193,medium,medium,1.5288133548698422
18.599035780993013,73.85926629378672,4699.202441651566,115528.58425437432,5,3549.4816697888605,61.55483983948717,3.15707477068171,1,24.57949113650936,0.0010637839671950578,0.030723573469922407,3788.9983076649173,5428.922052087045,low,low,0.3070239618081284
18.522714122374563,73.926390892461,4784.05965780622,117089.72209330092,11,3695.9057265231277,50.53600006034965,2.5609456628363283,0,24.469856274891757,0.0022988219137571025,0.03156446267004942,2553.88730209966,5601.642158103026,medium,medium,0.375806245864521
18.591219914563336,73.81411678699102,4662.14247917235,114844.57675156138,8,3846.709674518447,59.936888398950416,4.5436575362092,1,24.62815092279678,0.0017155812921718619,0.03349462629144008,3592.430590948237,5354.217797760236,low,low,0.2153474911107117
18.46281793024051,73.78246891597084,4557.868374579957,112912.66803522194,13,3455.632290109662,42.145958045908515,1.6848128223598617,0,24.76769644520071,0.0028515848521723963,0.030604198324614897,1776.2817796074808,5146.410787271833,low,low,0.5602828416919428
18.57436449093529,73.80043944159326,4705.972827061284,115653.39781647961,18,3530.0393113830637,75.32100569876386,5.743750375171404,0,24.570653382905927,0.0038241138543470164,0.03052230938061283,5673.253899473217,5442.6174748166195,low,low,0.17112298366623316
18.495975004633742,73.8197477745351,5033.714015706904,121643.17264149232,11,3568.5187184918645,74.16639512650522,5.776415491946661,0,24.16089022375442,0.0021848311474461242,0.0293357144941825,5500.654166060897,6123.169430405345,medium,medium,0.17017176565721925
18.561209307479977,73.91169511908572,4796.003408031147,117308.89595173649,15,3878.0425183553266,71.99707198258295,5.5397294458684065,1,24.45462009790067,0.0031269521249217766,0.03305810210547648,5183.578374065231,5626.138647768995,medium,medium,0.1773134703709213
18.55335410719946,73.8350891607873,5083.153368571633,122538.12908829904,5,3935.1370496209493,41.738495465235516,6.496414079787732,0,24.10197336803109,0.000983447909126456,0.03211331008224626,1742.1020037014857,6228.801036536529,high,high,0.15159751766708063
18.5991597519835,73.8665483513184,4692.670849512055,115408.13028669536,12,3708.2359490255926,71.08510460257347,4.270031311427806,0,24.588032264489314,0.0025566343241234094,0.03213121821309736,5053.092096358811,5415.723687930646,low,low,0.22883131234894366
18.54687536853025,73.85936386540497,5214.952607396595,124913.42305516973,6,4218.043930121898,56.57806180328548,6.116926817142766,1,23.948343180502352,0.0011503172002543828,0.03376746917574887,3201.077077416391,6514.175812603914,high,high,0.16085117766587922
18.52706409622001,73.92464376225736,4798.04479613222,117346.34279418501,18,3568.8608380651203,54.029851985762036,7.176022742944869,0,24.45202072061508,0.0037507464015562146,0.03041279634532952,2919.224905603354,5630.33009388787,medium,medium,0.1374377232354917
18.520564055797518,73.93659654915307,4687.759065463534,115317.52079745833,6,3913.653334890908,64.74285577010595,2.380489658314914,1,24.594465014605728,0.0012796562835132232,0.0339377691269967,4191.637373268741,5405.807535250649,low,low,0.40314620810769114
18.595804901859672,73.81062883674977,4609.029013119414,113861.89740225817,12,3564.065014435256,67.7595344585556,3.0119330687612074,1,24.698737703868066,0.002603020494198604,0.03130137292962099,4591.354510040184,5247.92788615834,low,low,0.3213436722140294
18.44623422306582,73.80255973517423,4577.253656615063,113272.65247999996,5,3729.3714577349665,50.91939619901938,2.0051945992843003,0,24.74145405122621,0.0010921194793948477,0.03292355614994792,2592.7849092727092,5184.776627585671,low,low,0.4750154690402343
18.544929050859167,73.85086687258132,5229.532678162979,125175.25824434531,11,4156.5369216829195,71.5783053055173,2.4652250546688075,1,23.93164634396439,0.0021030362826952686,0.03320547346581744,5123.453790409847,6546.081034862937,high,high,0.38982934389322366
18.48342155909587,73.7963099099304,4773.709552241376,116899.68176653008,1,3519.4387468061855,55.419148234247324,2.5095634372715065,1,24.483097974337362,0.00020943682313211563,0.030106229438722047,3071.281991009478,5580.451275028616,medium,medium,0.38320585953854974
18.452054597877623,73.87085567175988,4783.42184660685,117078.01409015268,8,3471.770660429144,47.08741355581188,2.9317149112215497,1,24.47067124174791,0.001672093359759584,0.029653227672004703,2217.2245153760564,5600.335303561809,medium,medium,0.3298463177717051
18.591230438520867,73.88197403935283,4731.957394765142,116132.01311290049,7,3447.407416705161,64.125781782081,2.3822879496341733,0,24.53688115624019,0.0014789907062637635,0.029684990721404177,4112.115889163072,5495.31738218552,medium,medium,0.40285414919223
18.581599021544093,73.80858618585064,4707.009388731728,115672.50309766435,6,3555.369475232345,47.44863930547855,1.0495407443792464,1,24.56930170413804,0.0012744239666047728,0.030736247974011036,2251.373371941404,5444.7155809880605,low,low,0.8699126193565251
18.58611264719989,73.82140399059215,4737.758696855687,116238.77871345874,10,3662.236009649615,72.00062267290512,6.435475135172247,0,24.529372806128904,0.0021102572719381785,0.031505875614898995,5184.089665286059,5507.112847615728,medium,medium,0.15301106336068163
18.55539996546669,73.85103353552127,5123.494365780298,123266.77460803924,3,3781.103224091546,81.75600908204615,5.329937336148616,1,24.054426799876016,0.0005854236117485115,0.03067389864151041,6684.045021023612,6315.566251921989,high,high,0.1841641879258384
18.475730335979417,73.91980933887051,4711.992577673143,115764.33556140878,13,3439.4742986964443,86.86929098204669,1.441224644216201,1,24.562808800043328,0.002758332372850509,0.029710744429812013,7546.273715723499,5454.806899246213,low,low,0.6488346807538599
18.464585988415244,73.80545563384399,4726.603292561603,116033.44861856948,15,3498.318311430719,86.58278604770999,0.7641907667795308,1,24.543820925316677,0.003172855053976495,0.030148963114656178,7496.578839783523,5484.440802878081,medium,low,1.157151914185073
18.5165610525773,73.78798603992017,4792.757205619895,117249.34001266061,10,3831.9262075875013,52.24797804714027,1.0924538281582155,1,24.458756458338144,0.0020860464080818776,0.032681578639121495,2729.8512100144517,5619.476191998563,medium,medium,0.8386068931025473
18.586204188155154,73.84241930632069,4807.014492101835,117510.83405425766,5,3343.7795735531827,89.46417391385145,2.2032477234580465,1,24.44061561114129,0.0010399303097387792,0.02845483265974123,8003.838414087859,5648.762822777903,medium,medium,0.4341695380028951
18.47799158778088,73.92320759147105,4697.320148497212,115493.8757763131,9,3587.064952657212,80.33008059396766,1.59964610096733,1,24.581951022059354,0.0019155782738387267,0.031058217332555326,6452.921848233341,5425.117097121097,low,low,0.5883577760281178
18.585229503776326,73.81779462621789,4728.145768768469,116061.84716229614,10,3561.715808062425,54.63792517728001,2.4665027021825923,1,24.541820624091304,0.002114546788986826,0.030687820393393506,2985.3028676780486,5487.573315758633,medium,medium,0.3896352803952184
18.511755089330574,73.87368982273,5294.256670853044,126335.40576615756,2,4326.537077645071,60.442165053175295,5.659074959590177,0,23.858221351488417,0.0003776965167729647,0.0342461624692195,3653.2553163152847,6688.520647424058,high,high,0.17363899706406347
18.534200283177466,73.89192925890802,5099.163327039514,122827.47590487548,17,3560.430114193977,28.86693577622436,1.1774068713857542,0,24.083047547454328,0.0033332265870528446,0.02898700881830816,833.2999811086619,6263.1736068697055,high,high,0.7828359330141866
18.60038163914106,73.82666203579758,4636.110313016069,114363.29405810058,3,3275.3236275977606,53.33573480918915,3.175581977218693,1,24.662620972610938,0.0006469546328408866,0.028639390069891878,2844.700607636151,5302.008470132495,low,low,0.3052892606428074
18.47246250843797,73.86487399167395,4990.266519804526,120854.86593794193,9,3593.3567766966808,32.09682467200037,1.563441387090297,1,24.21326640410999,0.001803149554184189,0.029732580614182415,1030.2061540251318,6030.97991245576,medium,medium,0.6011633519286224
18.510478141155282,73.85169135223792,5379.090441264346,127850.6587141438,9,3917.6208440223063,48.451019330002296,5.565334823730589,1,23.763663475534123,0.0016728343321092867,0.030641924269293134,2347.5012741162564,6877.2025619860115,high,high,0.17651207406334832
18.490594562018813,73.78572330633624,4715.176463881927,115822.99694663878,13,3222.155117867238,35.74632516471349,3.8792690947491812,0,24.558664806893983,0.0027564702253103533,0.027819408782376206,1277.7997627814289,5461.258691790595,low,low,0.25130243172534966
18.441621283177383,73.79234287485149,4487.512692491818,111602.93154676435,19,2967.2012163268937,56.83402127552482,0.3833036042891862,0,24.86412297183624,0.004233028021015145,0.02658688789188018,3230.1059743468077,5008.195718354004,low,low,2.069092783760096
18.448272997569102,73.8983377131402,4656.121223568911,114733.31563313694,16,3590.733658203691,75.69493010312324,2.0009263457291233,1,24.636102460140147,0.0034355987812871775,0.03129607422495171,5729.722443316713,5342.122259698796,low,low,0.47598051308788336
18.46118494287371,73.93155027573559,4544.265317616504,112659.83089925838,16,3597.437040157253,31.349218204350635,2.249924316910171,0,24.786194650202766,0.00352014654413843,0.03193156850914841,982.7734820239892,5119.5616224404,low,low,0.42554561983292427
18.54344307159849,73.90458466917408,4945.444586767655,120039.82128721218,3,3339.486015057104,21.955740225878188,7.059959421855377,1,24.267899737183633,0.000606496231257774,0.0278195865310433,482.05452886624556,5936.5028438140025,medium,medium,0.13966559600150188
18.52470062439949,73.89070575934599,5135.590550464357,123484.97794192226,10,3462.771407878289,55.7477474929417,3.2335612703888925,0,24.040261089285966,0.0019468166484665557,0.02804181871974885,3107.8113505367874,6341.682858428356,high,high,0.2999794870676969
18.5734155781782,73.82405813144473,4856.076144894995,118409.2011608031,14,3799.273292504264,60.82700826091006,2.2795228200986077,0,24.37869978325468,0.002882392530476309,0.032085692408754425,3699.924933972821,5750.040970930487,medium,medium,0.4202523260350829
18.484769588914,73.86958414878889,5098.627476187328,122817.79518845044,10,3804.027813890329,64.88877849837978,1.5840830308168001,0,24.08367979071946,0.001960927547491444,0.030972684661606662,4210.553575011794,6262.021851125813,high,high,0.5937949505464634
18.564051769268286,73.82479188669802,4936.257026146458,119872.52650312686,13,3673.2865469900776,41.87635823340071,6.084811503722483,0,24.279174826895265,0.002633040964072825,0.03064301730452771,1753.6293788921073,5917.216011929874,medium,medium,0.16168641508284046
18.471113737779202,73.80928557914419,4796.886474437815,117325.09524607979,15,3539.645898517686,69.42643276260637,2.011416680305939,1,24.453495486223893,0.003126376599345778,0.030169297726082435,4820.029566140703,5627.951624980486,medium,medium,0.4736156578317372
18.54057264715847,73.8859627512835,5122.608569974778,123250.7906607588,4,4096.423502340373,13.431901796115106,5.2068495886852855,0,24.05546578695131,0.0007806997637252548,0.03323621896590101,180.41598586048022,6313.655564949703,high,high,0.1884357156328863
18.573150596269105,73.93087830789368,4584.603515402438,113409.03955889025,8,3607.896527170865,44.76794056711265,6.5222310158653825,1,24.73154060920536,0.0017445904280928464,0.031812849560795706,2004.1685026205307,5199.354814401024,low,low,0.1510065108879808
18.51875608064756,73.77688913386908,4688.405296778338,115329.44341996845,14,3794.5338543564167,52.76765303847799,4.008620796721402,0,24.593618192737736,0.0029854531894733262,0.03290140696449821,2784.425207189195,5407.111734046777,low,low,0.24339067766925102
18.50801866046857,73.9195217354318,4838.901193530948,118094.97019169225,16,3445.8658467735027,63.00136437379387,3.9950186435309925,1,24.400285350770996,0.0033058526114925096,0.029178521851170758,3969.1719129595435,5714.498922105814,medium,medium,0.24419913242146676
18.495542487652127,73.86498891059308,5219.188400441828,124989.51008985066,14,4017.945966448055,59.101393267187206,1.580740842108276,1,23.943486422687688,0.002681895542087152,0.0321460082334228,3492.9746861227213,6523.438012378554,high,high,0.5949757243630891
18.519854327968257,73.80536586434786,4963.315776470949,120365.01250216954,0,3788.173370405329,41.762746173475875,2.0573829003088377,1,24.24604274221554,0.0,0.031472118180678695,1744.1269679501738,5974.09565487141,medium,medium,0.4635245787184306
18.44682717414427,73.93441423744531,4440.2724021804615,110720.62935761714,17,3134.402278669287,37.94191533614607,7.488773641760026,0,24.92993433666856,0.003827731888648347,0.02830885254176992,1439.5889393752761,4916.297548886792,low,low,0.13177359705356492
18.516740417853768,73.88855645908326,5158.346844988707,123895.1313960862,18,4289.836311675053,29.419952514527267,0.7858140858081267,1,24.013724046567255,0.003488813708557599,0.034624457304165406,865.5336059570393,6390.940601464626,high,high,1.128905055836521
18.56841083013372,73.88693598380031,4909.98625576933,119393.73611147332,3,3815.802455302214,62.195170908709315,4.728579030730222,1,24.31155981575227,0.0006108752588088918,0.03195955349103143,3868.2392843635616,5862.216033322843,medium,medium,0.20710026565491896
18.478821139650805,73.78540862973163,4663.132174373514,114862.8609596084,19,3077.3422589493725,27.874455477328908,5.819281188236436,0,24.6268451804835,0.004073640988219224,0.026791213818169603,776.9852681575916,5356.207025813414,low,low,0.16893943169777603
18.46401753050893,73.86967449876485,4899.024126647609,119193.7597139726,12,3387.358670962588,42.669211797050735,0.26122694879107883,1,24.32513731223605,0.0024489675335965942,0.02841868786086831,1820.6616353815737,5839.331045845895,medium,medium,2.7683427367385187
18.50331477590308,73.86201061675425,5306.67251510273,126557.54762472781,15,3999.728255822782,45.475940129051125,6.678048184895156,0,23.844264555624772,0.002826097495148431,0.03160377810025761,2068.0611306210426,6715.994595589479,high,high,0.14753509752682117
18.525631044174464,73.91611020050497,4881.575368418984,118875.2201907365,18,3822.691644093163,61.35613249328164,4.762739490537303,1,24.346827487729946,0.003686579037043834,0.03215690773108085,3764.5749945331313,5802.983467984823,medium,medium,0.20564539843147267
18.51604120367612,73.83956511323548,5308.911914099591,126597.60067545339,16,3728.2641468153424,34.97812765271209,6.9326979720332655,0,23.841751562637874,0.0030132326597574347,0.02944948938553495,1223.4694140894221,6720.955105223369,high,high,0.1421929398897368
18.56556940623913,73.9286222983372,4640.806849452646,114450.17347144271,6,3760.670523823344,76.61195388169037,3.385131899285079,1,24.656384288143848,0.001292600100477578,0.03285829589822151,5869.3914775702515,5311.411489673149,low,low,0.28693318614573365
18.446234049579985,73.81736827559159,4649.91270663501,114618.55661610133,10,3782.760504489703,48.23668628841953,4.063441890799035,1,24.644314749787938,0.002150115607573963,0.03300274941002795,2326.7779040874,5329.662828253739,low,low,0.24018589095957893
18.59010556819271,73.86596064501335,4778.429929814577,116986.36631223533,4,3886.161003700305,72.00351896069411,0.8435829500268588,1,24.477054383089143,0.0008369198960419081,0.03321863827012118,5184.506742723036,5590.111541666371,medium,medium,1.0597902388672191
18.53600658260276,73.91962331830489,4831.168640325489,117953.40527872236,12,3845.218876914188,68.43372025032824,1.9427776704399327,0,24.410034926011434,0.002483357037636769,0.03259919684922376,4683.174067300185,5698.527926021664,medium,medium,0.489529533473234
18.585985995494042,73.84550070974336,4814.718020426413,117652.04438685262,17,3987.1673926017384,71.84045762145892,7.857299737367131,1,24.430841649743225,0.0035301070220250803,0.033889198646586766,5161.051351260636,5664.614182493875,medium,medium,0.1256707718705183
18.539462178698702,73.87602322001477,5209.384369420296,124813.37796466965,12,3856.365117964162,59.529026654754475,4.023281671849699,0,23.95473522014966,0.0023030930444264157,0.030896801961836133,3543.7050144624686,6502.008602636976,high,high,0.2425252698177666
18.533827770713078,73.86555986054499,5325.855916574522,126900.51803170779,2,3939.0588817288326,88.61278077629176,7.086309123720709,1,23.82278027022593,0.0003754559971815638,0.031040281809273658,7852.224916907142,6758.538747755428,high,high,0.13915349072574412
18.571141347389645,73.86162023381888,4966.867767840568,120429.61103930727,10,3485.227715433668,81.41934671943898,0.907650458344853,1,24.241710260266366,0.00201293602553894,0.028939716284393232,6629.110020220219,5981.57953364712,medium,medium,0.9924076267901276
18.553231247931876,73.87721346372376,5090.2257353301175,122665.97550955044,4,3891.9250479905804,34.70348933358205,6.9349598892584075,1,24.093603757994973,0.0007856654188877049,0.03172756996594873,1204.332171926043,6243.975053880875,high,high,0.1421472212694329
18.506304785266067,73.81165075774418,5004.524417483753,121113.7481486899,1,4177.304363037229,99.76149409548844,1.42935270482141,1,24.196015851136945,0.00019977926718469472,0.03449046814603326,9952.355704164176,6061.167099030963,medium,medium,0.6538714037954867
18.489335292104872,73.8942433708772,4989.271877620616,120836.79921608292,11,3606.9363379661904,56.387659547006535,6.259947913947424,1,24.214472112829743,0.0022042887180817993,0.029849404419524755,3179.5681491891173,6028.876441104914,medium,medium,0.15723399209087718
18.51863278559071,73.80595569853871,4968.897394028562,120466.51779132921,12,4172.126794611747,62.299766634836814,1.2137041695268065,1,24.23923639471356,0.002414536769796949,0.03463279455826922,3881.2609227551266,5985.857663210312,medium,medium,0.7612063835956293
18.5874285360469,73.92258055204321,4557.5228718856515,112906.24858689345,7,3826.9121781517715,50.1741156925636,7.4659057391769315,1,24.768165425522877,0.0015355851438570104,0.03389430019815405,2517.441885530757,5145.728103135739,low,low,0.1321718819231267
18.514887501291497,73.93578124317354,4693.609079241412,115425.43545838278,12,3429.6644048899243,41.200643359349854,2.310134698215927,0,24.58680446232896,0.002556123374161549,0.029712988980990375,1697.4930132243392,5417.61871842859,low,low,0.41491456918994524
18.448515492857112,73.78195795768033,4469.8169765784105,111272.70370688976,12,3046.8528534023876,75.20103819031833,2.06580179058709,1,24.88867343257889,0.0026840731935271027,0.027381607261210764,5655.196144901715,4973.686200588353,low,low,0.4617227690669362
18.501740074065438,73.79517315349318,4836.34692673814,118048.2138171868,8,3455.2112773788335,42.28702714735789,2.052022173266694,1,24.40350373976332,0.0016537991012760503,0.029269244289332055,1788.1926649613831,5709.2211610167815,medium,medium,0.46467922701838854
18.57423228137118,73.89151096356126,4838.157334897877,118081.35434466845,14,3936.911680624785,46.96246775031535,6.61111654002685,0,24.401222397361952,0.0028930656788193573,0.03334038944661795,2205.4733771994092,5712.96170637333,medium,medium,0.14900650197858123
18.543723096862742,73.8189209026275,5032.6721558454,121624.28920605288,14,3931.220912812813,61.79220209619035,2.897068947155766,0,24.162139575342728,0.0027812697304377214,0.032322397245466684,3818.2762398964314,6120.9517376179065,medium,medium,0.33365932437056717
18.525363652440223,73.93296246592222,4720.432540568921,115919.81566146205,3,4015.3279060436153,58.26522938126302,2.3623247486380023,1,24.55183139130354,0.0006354003735566468,0.03463854082747378,3394.8369548511955,5471.9166994511625,low,low,0.40612027335270656
18.498726970351278,73.78026458577317,4691.961532049501,115395.0467115479,0,3467.043210539082,42.400783326719065,6.755277307408219,1,24.588960707110843,0.0,0.03004473124807774,1797.8264267193774,5414.29120159638,low,low,0.14587301945018924
18.480704831754103,73.87245428706942,5049.724641622173,121933.23828999588,16,3752.417041217426,47.171970447951445,4.885872818376273,1,24.14173152207993,0.0031678622643861215,0.030774104909673215,2225.1947959424047,6157.292780257804,high,medium,0.2005666884069589
18.535780268279918,73.7969823872489,4861.83177548801,118514.4433377265,7,3801.549856917427,37.39594135251983,5.134270024629527,0,24.371487398581245,0.00143949047040549,0.032076409199131746,1398.4564296411024,5761.97286473632,medium,medium,0.19104860759849288
18.569686657603782,73.8280055470278,4907.113535559575,119341.34137893832,10,3524.799401930041,42.16546295553525,5.241311224997552,1,24.31511425200399,0.002037442680889389,0.029535195649782197,1777.9262662546153,5856.215116324242,medium,medium,0.18721994616602003
18.573952351613563,73.87536008748208,4910.2633637470235,119398.78980026806,15,4021.1804345668857,51.93910759778086,0.7828123008494151,0,24.31121708553079,0.003054203957117019,0.03367828738470575,2697.6708980538574,5862.795032319881,medium,medium,1.1327436183635304
18.5030586747242,73.92338765171932,4791.948639008347,117234.50420465681,18,3477.9273427620656,43.91497247468367,2.2903296744639627,0,24.45978729054615,0.003755516980403982,0.029666161000942885,1928.5248074522246,5617.817228683234,medium,medium,0.41835233469385447
18.5733430346639,73.84633333831133,4937.461050096181,119894.45480710367,10,3606.2540108730423,68.1145510297373,1.3320099793065063,1,24.277695741828037,0.0020249223186249977,0.030078321289785673,4639.592061982687,5919.742007325912,medium,medium,0.6983191559071955
18.50028039997058,73.84020045432737,5221.101341574332,125023.86695782011,19,3589.015865912856,92.88225014190992,5.307251813282298,0,23.94129465900571,0.003638382091273621,0.028706416197376874,8627.112391424325,6527.622795022854,high,high,0.184936828268958
18.533294554333683,73.89466703832596,5076.1555265001725,122411.58606565809,10,3614.215614890588,89.6796108912146,2.6123588456622717,1,24.110269111657463,0.0019696067902204456,0.029524869386813226,8042.432609599655,6213.802491148418,high,high,0.36868278015618977
18.443521073195598,73.82448433849453,4655.4386870744775,114720.70141419393,1,3572.8946904996606,100.0,3.595228955692931,1,24.637004613126354,0.0002147563980120341,0.031144017622263095,10000.0,5340.751915719581,low,low,0.2706192260318223
18.591555025725377,73.81806209163787,4677.719714368553,115132.24731273597,2,3573.0254366427457,73.0275243735255,0.38969887284065996,1,24.607639341839565,0.00042746736759158977,0.031033828368771284,5333.01931612586,5385.563830143409,low,low,2.042071271675938
18.481888757957805,73.80493575751144,4834.176764621909,118008.48370620525,4,3447.6874041962346,41.28514867454906,1.4808013266477602,1,24.406239823464457,0.0008272706862068121,0.029215341817608053,1704.4635010796203,5704.738699608005,medium,medium,0.6325905622312421
18.491554493521562,73.9267633366361,4726.6191727792875,116033.74100120689,18,3517.1272681570813,54.16919647415567,3.7828937666899036,0,24.54380032751086,0.0038074132755109595,0.030310984777571912,2934.301846655679,5484.473049056106,medium,low,0.2575398813582484
18.468245158690184,73.85132805079779,4952.470577234084,120167.70396844833,4,3834.643785693031,51.027246654891805,3.7248767507645835,0,24.259294992228966,0.0008075146379961981,0.031910502976713974,2603.7799011791667,5951.270182375158,medium,medium,0.26144633282630675
18.588251642652367,73.77797690103297,4467.775888652777,111234.59302929716,19,3363.4078213948774,60.72456847888913,2.9597409745088443,0,24.891512978251317,0.004251723620386795,0.03023679498439879,3687.4732169472954,4969.712327203982,low,low,0.32682505098671694
18.51176028449907,73.83474664948513,5246.512610818733,125479.9612783029,8,4264.825298134712,44.6607618519134,0.6767211207198546,1,23.912274363972443,0.0015245318293292897,0.03398782775241737,1994.5836491933233,6583.321992516625,high,high,1.2874633807732865
18.447669110246075,73.84846813211,4751.011647466025,116482.55992845037,9,3732.005028006502,62.72821568240853,4.74759160083011,1,24.512263136089707,0.0018939347517801608,0.03203889913992046,3934.8290426987637,5534.0999894672705,medium,medium,0.20628800491954774
18.595993075887176,73.92829393528208,4466.1083125543155,111203.45323923975,11,3811.301743479784,44.956367615359056,7.153651828259924,0,24.893834099951125,0.0024624430907765798,0.03427292372258095,2021.0749891673045,4966.466668965138,low,low,0.13786159353610578
18.440822710464342,73.93461057448884,4401.802634444788,110000.39880434786,12,3447.517989281446,52.55121913770848,6.193663471253558,1,24.984176656880596,0.002725536662969961,0.03134067408918423,2761.630632859458,4842.000452469558,low,low,0.15888996997814092
18.473463514489662,73.84732917034225,4997.923487374515,120993.91729114529,10,3594.7152544519663,79.29090417294032,2.9262690793019286,1,24.203994639392352,0.0020004306977805136,0.02970963851152644,6287.047484562404,6047.1834105886455,medium,medium,0.33043988283773845
18.55905455134795,73.83934770870201,5053.124117096494,121994.79721815356,11,3895.0625084035196,97.77729431926598,0.4256713605593917,1,24.137673391415927,0.002176440416805456,0.03192784175538726,9560.399284396362,6164.54851983348,high,medium,1.9023292403372571
18.452772916064507,73.9105661884546,4626.645344277034,114188.13836691676,1,3632.2027450103424,90.73815864274422,2.863729485396883,1,24.67521382297201,0.0002160926185142279,0.03180865358086173,8233.413433875818,5283.080187469572,low,low,0.3374127108858205
18.460902678148475,73.88949418813273,4801.242639617925,117404.99543284834,17,3850.442603671996,56.314336140995266,4.195060714688315,0,24.4479515600214,0.0035400127140082513,0.032795962331193716,3171.3044550010054,5636.898701763393,medium,medium,0.23282557952677702
18.59138325063468,73.78144089226059,4472.027044318918,111313.96462732062,4,3359.492346448342,63.63788812566888,4.604899321456961,1,24.885600628929293,0.00089424900863953,0.030180060315302872,4049.780805095148,4977.9906022373725,low,low,0.2125443992902129
18.486419167270128,73.89035495496681,4998.288399552984,121000.54280538711,19,3859.8850522826597,40.219737867586545,5.530763809306396,0,24.203553212934565,0.003800540893319718,0.03189946973230504,1617.6273141373752,6047.956094437806,medium,medium,0.1775957994095265
18.44482216090061,73.88221088586025,4688.972996135136,115339.91683082703,19,3376.3799029667216,62.587354760140464,1.4741353217771294,1,24.592874399463525,0.004051196033678088,0.02927304547022918,3917.1769758716773,5408.257553962205,low,low,0.635269399120683
18.550407409701563,73.7881090325552,4735.14707035929,116190.71909030929,18,3468.351395117899,12.148911409373412,1.9645882399758499,0,24.5327514885417,0.0038005576542694854,0.029850245975121037,147.59604843280346,5501.801431034173,medium,medium,0.4843580819833098
18.48720381468032,73.92181719268748,4752.006245805384,116500.84819069924,7,3900.0732029314195,78.64966750575023,1.825839133136253,0,24.510981506391534,0.0014727521147647616,0.03347649212008618,6185.7701987650635,5536.127582438277,medium,medium,0.519254169672774
18.494579184455294,73.78937877531467,4761.4003966876735,116673.53677755978,3,3540.321290424816,60.70952432399534,7.090002881193437,1,24.49889279757076,0.000629934434342511,0.030343564141801095,3685.6463436457816,5555.29424295627,medium,medium,0.1390820026812026
18.458677773742068,73.78844263184675,4575.413127937701,113238.4902844668,4,3475.5399098457165,83.76587275794134,1.5864522725744765,1,24.74393965727832,0.0008740469638943079,0.030691942370235665,7016.721438899619,5181.128750353952,low,low,0.5929607473998872
18.586516283047658,73.8994886945861,4698.482336201358,115515.3063059563,17,3849.0049420656005,39.07693248659143,5.88384673252315,0,24.580432065061995,0.0036174197036649113,0.03332001398894397,1527.0066525616248,5427.4662623942495,low,low,0.16711657980222697
18.480392104544652,73.86902227735207,5058.262581040485,122087.82672888134,4,3827.023057956647,39.29883952596738,3.7232171624409713,1,24.131545807960975,0.0007906290562956632,0.03134621865484211,1544.3987880877362,6175.522855432549,high,high,0.261559821875653
18.60039984453074,73.80377502034439,4539.896015635536,112578.57948018731,3,3629.14750263382,42.95694605941995,0.14263926113530528,1,24.792150952708177,0.0006606625629986212,0.032236285829016685,1845.299214751915,5110.950444280109,low,low,4.12134456444112
18.464665070843477,73.81396661770634,4779.2528558740105,117001.47625293148,3,4100.201161230441,50.38420114590248,1.4447704080560217,0,24.476001538110935,0.0006275818644851763,0.03504371268490748,2538.567725110761,5591.79639523298,medium,medium,0.6473453885347437
18.45248160524804,73.78599924174516,4520.7211148975075,112221.77205913127,7,3668.2212913602843,51.51832381406834,0.5800633480976483,0,24.818375394581356,0.0015480830909578702,0.0326869602670968,2654.1376886112007,5073.2333449892985,low,low,1.4704512495744926
18.532361631956384,73.92846717270022,4755.176079550173,116559.12739703021,16,3752.674655860592,33.0671456621897,1.9636754228524649,0,24.506899123897465,0.0033640470269370765,0.03219518320427132,1093.4361222444713,5542.591744515994,medium,medium,0.48457232611598117
18.596924963453425,73.7818724826976,4440.157729003543,110718.48477174094,4,3491.6584285043227,54.64302140460745,4.178345187214919,0,24.930095152594976,0.0009006660524298638,0.0315360790894459,2985.859788224388,4916.0753590280665,low,low,0.23373523085241552
18.577573485495346,73.79149923422435,4624.243697977483,114143.68002327063,6,3618.251954455161,57.67098653722001,2.1406641470146957,1,24.678414258081826,0.0012972289444172784,0.03169882252696761,3325.9426881762115,5278.281930115675,low,low,0.44629624717846716
18.580266068754806,73.87266195477989,4859.002249350615,118462.70911512256,16,3818.899520684154,63.38022754418542,5.547211731256683,0,24.375031746323028,0.003292179546241546,0.03223687278753836,4017.0532435527207,5756.105700545481,medium,medium,0.17707853850513738
18.50334295756053,73.90363678794566,4977.202912172947,120617.50620972723,16,3772.6943387764154,69.47201439922124,7.414599723474549,1,24.229126119947292,0.0032140112169546185,0.03127790632903865,4826.360784685603,6003.37803166093,medium,medium,0.13307428696117257
18.534731490627543,73.90942014982294,4930.701841905551,119771.3353040034,3,3659.3761795840473,52.99041156793709,5.812912178356512,1,24.286004941800208,0.0006083092806845021,0.030552766382119064,2807.983718139361,5905.567435909369,medium,medium,0.1691214024216996
18.507773542744395,73.92335069645328,4802.2079388232705,117422.69836561449,10,3525.1623981615026,69.10593861390427,6.547578726585781,1,24.446723910599978,0.002081941928678999,0.030020876937340492,4775.630751708705,5638.882142894042,medium,medium,0.15043071186215246
18.523738331457785,73.78584565060933,4772.556875120576,116878.51086349093,14,3495.604626445567,51.10115834844998,1.9262326453010392,0,24.484574903182374,0.002932823545680782,0.029907762281177308,2611.328384553359,5578.093405754084,medium,medium,0.4935267439891776
18.4612854767686,73.91377991287361,4666.45253615524,114924.19617978917,2,4033.7936515921133,68.93935379894731,2.5096412266189785,1,24.622467028760973,0.000428499269035412,0.03509929750549775,4752.6345022164305,5362.883067287795,low,low,0.3831944367676888
18.585403779119314,73.8284488354276,4773.086200936824,116888.2330036007,12,3486.4490198488975,52.62269972504615,3.6112005795465523,1,24.48389662102532,0.0025135700309821024,0.029826947531955313,2769.148526352372,5579.176120013747,medium,medium,0.2694545817629139
18.446141648329373,73.86511215527196,4736.419538219089,116214.13610158836,19,3578.742206479204,73.7386098807218,6.745276081627789,0,24.531104995880536,0.004010622206185809,0.03079411448910476,5437.382587141282,5504.389048488156,medium,medium,0.14608614584354393
18.47753307953358,73.87875800265988,4994.46182457721,120931.05972401903,3,4063.182526235277,53.11820198437296,5.550586498385795,1,24.208184142064585,0.000600545075780637,0.033598886312760486,2821.543382052643,6039.8556119727955,medium,medium,0.1769727797788195
18.489477996040716,73.9217532788978,4762.111522479226,116686.60562371067,15,3579.179840173908,73.1926430846592,0.35116652519167263,1,24.497978910007685,0.0031492019301266366,0.030673179221072527,5357.16300171831,5556.746291596618,medium,medium,2.216476498506094
18.494301956804435,73.86431175373342,5208.944620540704,124805.47581370512,14,3866.433959759382,70.40085321580314,1.6539050807069822,1,23.955240391931927,0.0026871686783010444,0.030979433835874766,4956.280133513059,6501.048118538222,high,high,0.5701562821158541
18.545630511928984,73.80394371814651,4892.923176822837,119082.41482343117,19,3673.071000919973,44.70796143728055,7.771266622244549,0,24.33271028597146,0.003882365806227246,0.03084452193755238,1998.801815877365,5826.611074415978,medium,medium,0.12704435613627363
18.573113048564444,73.91238998802753,4718.0012747111205,115875.03427178929,19,3983.0867555249724,80.18715253415643,3.8534951135998994,0,24.554991093720933,0.004026275665959236,0.03437368892158125,6429.97943153607,5466.985594014966,low,low,0.2529407451548457
18.44237514177758,73.90184199307846,4592.676669247881,113558.78542631972,13,3638.3695708602313,51.05116863065781,6.56057980401826,0,24.720674440700808,0.0028299771481584226,0.03203924309297759,2606.2218185558604,5215.387844155849,low,low,0.15013707956726385
18.578220306710975,73.86778811104324,4889.061323423617,119011.91644270295,14,3778.494347219417,60.122235413305795,0.601767046850446,0,24.337510017027892,0.002862949782028164,0.03174860729539821,3614.6831910929614,5818.565577065423,medium,medium,1.4249742909531495
18.599573768513658,73.86105045680277,4693.420740476378,115421.96171472808,9,3657.7541269529374,47.55461550247413,4.07338326722451,1,24.587050904818415,0.0019171694438037741,0.03169000407382723,2261.4414555881526,5417.238290183753,low,low,0.23961374644247463
18.46665714447019,73.91307583425721,4706.630398997643,115665.51790885352,0,3535.189656761245,66.54850961189118,3.227894289897932,1,24.569795864492935,0.0,0.030563638645601944,4428.704131563973,5443.948427056163,low,low,0.3004903139608652
18.548394219119874,73.86814612243624,5177.1794838130545,124234.22390894657,1,4040.1245358410965,64.95907829859102,6.39564708500397,1,23.99187287680964,0.0001931180645873693,0.03251996019101757,4219.68185340248,6431.828752088355,high,high,0.1539492504616865
18.549630162051095,73.93624265238547,4642.538864712906,114482.20780411961,17,3472.4524278418107,45.79288963173515,5.004757639099154,0,24.654086277621293,0.003661000907989827,0.03033154376476911,2096.9887408242766,5314.880990487644,low,low,0.19589568608324215
18.499096207226813,73.8699797044258,5230.67554999754,125195.77470988857,18,3422.5976112252065,77.74409282466148,3.2132166930230808,1,23.930340005497367,0.0034405803318610737,0.02733774587369522,6044.14396912958,6548.584777380144,high,high,0.30182149030752625
18.496745376359733,73.78451221485174,4724.770226884162,115999.69701648089,9,3602.246276280949,82.54796066424277,4.4006374018201795,0,24.546199126774486,0.001904451458261855,0.031053660615238867,6814.165809825371,5480.719147910525,medium,low,0.22219075004699845
18.581688256321996,73.90947502560297,4678.556324635313,115147.69052109492,3,3822.828237598068,75.25653224333948,1.3099526108676784,0,24.60654013606057,0.0006410864175748106,0.03319905958372785,5663.545645292795,5387.249557546183,low,low,0.7092436953498774
18.447611022898403,73.84458626779325,4745.3628921695035,116378.6747934939,7,3856.397523138127,79.18039467283887,7.947146916490542,1,24.519548428438572,0.0014748134854055347,0.033136349022980044,6269.5349005465305,5522.5904480490835,medium,medium,0.12426764546211518
18.536740911846543,73.83629272412911,5219.810523700039,125000.68391374116,9,4066.530457604451,43.04629193322636,7.670344475150345,0,23.942773511181166,0.0017238702609765682,0.03253180541480231,1852.9832492005485,6524.798853626483,high,high,0.12869442316206342
18.569231326352384,73.80152779693542,4746.425382066644,116398.21719340819,15,4031.709264329288,67.40552762627344,0.29046430277677315,0,24.518177291022077,0.003159607322457845,0.03463691046676221,4543.505154576312,5524.7545251409865,medium,medium,2.5610535787485187
18.569285727471133,73.8225826279862,4881.8313229228825,118879.89487764062,8,3744.540132738127,48.68518970567372,3.847258551368456,0,24.346508616742188,0.0016383936840994884,0.03149824987936231,2370.2476966774384,5803.515944794454,medium,medium,0.2533403847217748
18.574928599218918,73.86632335619164,4923.430580097109,119638.841584153,19,3686.249964394233,18.564219508204317,4.2490246343203335,0,24.294959516272385,0.003858314111847085,0.030811224050320864,344.63024594879374,5890.335312228124,medium,medium,0.22993661431772514
18.555567307625314,73.88286919305072,5038.34042486882,121727.01328933734,18,4097.649592139171,61.404680546167405,6.873895419469336,1,24.155346340291356,0.0035718960186081417,0.033662338531718246,3770.53479297687,6133.021318542124,medium,medium,0.14339188356743282
18.5466903120576,73.87909898251002,5132.903432208318,123436.51606946228,11,3719.112464541112,100.0,0.4162981585345197,1,24.043404341239583,0.0021426191873789133,0.030129514777729707,10000.0,6335.877169927801,high,high,1.936865323785849
18.556036731023976,73.83540282323011,5061.773222258889,122151.37167789065,14,3777.7576545314523,73.37982154271702,1.3430555191870834,1,24.127363860747767,0.0027652828569227385,0.03092660095452915,5384.598209640998,6183.025422213398,high,high,0.6929740309391076
18.52266009164645,73.92527847929118,4794.72650732228,117285.47069762478,5,3881.6150742625173,38.96252885358672,2.9006568519215525,0,24.45624672686178,0.0010425949003484308,0.03309516478051143,1518.0786546665777,5623.517552776721,medium,medium,0.33326036576279044
18.590847960967295,73.78647601307885,4507.792940385875,111980.99046797666,0,3441.092289114758,68.21798519635104,4.9429330916848935,0,24.836135069532162,0.0,0.03072897949692011,4653.693504249569,5047.871182889632,low,low,0.19829729679516533
18.489284999346808,73.90371267636111,4913.539924812697,119458.53987488574,6,3723.048178992041,59.22632229757621,5.162228186076873,0,24.307166429101407,0.0012208670784638446,0.031165766944116165,3507.757252896373,5869.643050350806,medium,medium,0.1900335684123052
